<?xml version="1.0" encoding="utf-8"?>
<project
    xmlns="http://maven.apache.org/DECORATION/1.7.0"
    xmlns:xsi="http://www.w3.org/2001/XMLSchema-instance"
    xsi:schemaLocation="http://maven.apache.org/DECORATION/1.7.0
                        http://maven.apache.org/xsd/decoration-1.7.0.xsd"
    name="${project.name}"
    combine.self="merge">
  <version position="right"/>
  <skin>
    <groupId>org.apache.maven.skins</groupId>
    <artifactId>maven-fluido-skin</artifactId>
    <version>1.6</version>
  </skin>

  <body>
    <menu name="Documentation">
      <item name="Overview" href="index.html"/>
      <item name="JavaDocs" href="apidocs/index.html"/>
      <item name="Github Repository" href="${project.scm.url}"/>
      <item name="Examples" href="examples.html"/>
    </menu>
    <menu ref="reports"/>
  </body>

  <custom>
    <fluidoSkin>
      <topBarEnabled>false</topBarEnabled>
      <sideBarEnabled>true</sideBarEnabled>
    </fluidoSkin>
  </custom>

</project>
