<?xml version="1.0" encoding="UTF-8"?>
<server description="${project.name}">

    <featureManager>
        <feature>microProfile-4.1</feature>

    </featureManager>

    <httpEndpoint id="defaultHttpEndpoint"
                  httpPort="9081"
                  httpsPort="9444"/>

    <webApplication location="${project.name}.war" contextRoot="${app.context.root}">
        <classloader apiTypeVisibility="+third-party" />
    </webApplication>
    <mpMetrics authentication="false"/>
    <!-- This is the keystore that will be used by SSL and by JWT. -->
    <keyStore id="defaultKeyStore" location="public.jks" type="JKS" password="atbash" />


    <!-- The MP JWT configuration that injects the caller's JWT into a ResourceScoped bean for inspection. -->
    <mpJwt id="jwtUserConsumer" keyName="theKeyId" audiences="targetService" issuer="${jwt.issuer}"/>

</server>
